752156,101,10101,6738,Redwood,Traditional - Bank Owned Spaces,Doug McCloud,+1 (408)-406-3959,doug07@bns.com,2017-03-01,0
807890,102,10101,1234,Brighton,In Store / Retail Spaces,Perry Williams,+1 (408)-406-3959,perry.w@bns.com,2017-03-01,0
333791,103,10101,7090,Downtown,Foreign Bank Branch,Gerard White,+1 (480)-740-2040,gerard88@bns.com,2017-03-01,0
503978,103,10101,2919,Mianus,Foreign Bank Branch,Jayden Fonseca,+1 (502)-418-2417,jayden12@bns.com,2017-03-01,0
231280,101,10101,3199,North Town,Traditional - Bank Owned Spaces,Anna Kendrick,+1 (504)-687-3498,anna.kn@bns.com,2017-03-01,0
995609,102,45565,4534,Perryridge,In Store / Retail Spaces,Bradley Daniel,+1 (507)-216-9981,write2brad@boa.com,2017-03-01,0
414076,103,45565,1009,Pownal,Foreign Bank Branch,Patricia Doughlas,+1 (490)-637-1190,patricia_12@boa.com,2017-03-01,0
706159,101,45565,1235,Round Hill,Traditional - Bank Owned Spaces,Brian Shia,+1 (510)-329-1740,brian-shia@boa.com,2017-03-01,0
159881,102,45565,7629,Woodbridge,In Store / Retail Spaces,Alex Hassle,+1 (509)-167-3045,alex94@boa.com,2017-03-01,0
881111,103,45565,9375,Willow Farms,Foreign Bank Branch,Britney Smith,+1 (508)-268-3901,britney_s@boa.com,2017-03-01,0
348409,101,98345,5890,West Virginia,Traditional - Bank Owned Spaces,Betsy Johnson,+1 (504)-489-1130,betsy09@wf.com,2017-03-01,0
677321,101,98345,1063,La Cantera,Traditional - Bank Owned Spaces,James Jones,+1 (406)-476-4491,james.cool@wf.com,2017-03-01,0
319105,102,98345,1578,Louisville,In Store / Retail Spaces,Abigail Miller,+1 (490)-173-4858,abigail_miller@wf.com,2017-03-01,0
251623,101,98345,8052,Mason County,Traditional - Bank Owned Spaces,Taylor Moore,+1 (550)-241-4984,tay_99@wf.com,2017-03-01,0
975309,103,98345,7999,Wisconsin,Foreign Bank Branch,Selena Andrews,+1 (560)-589-3192,selena.01@wf.com,2017-03-01,0
870594,101,58890,6788,Saint-Hilarion,Traditional - Bank Owned Spaces,Len Holden,+1 (407)-406-3959,lenholden@gs.com,2017-03-01,0
192096,102,58890,8372,Rodgau,In Store / Retail Spaces,Celeste Mcclure,+1 (407)-406-3959,celeste09@gs.com,2017-03-01,0
760690,103,58890,8298,Zeitz,Foreign Bank Branch,Allistair Kline,+1 (489)-740-2040,allistair_official@gs.com,2017-03-01,0
628360,103,58890,9678,Santo Stefano del Sole,Foreign Bank Branch,Simon Hancock,+1 (501)-418-2417,simon_says@gs.com,2017-03-01,0
208590,101,58890,4483,Darwin,Traditional - Bank Owned Spaces,Rooney Armstrong,+1 (503)-687-3498,Rooney01@gs.com,2017-03-01,0
103418,102,19120,9040,Neyveli,In Store / Retail Spaces,Melanie Burns,+1 (506)-216-9981,melanie08@morgan.com,2017-03-01,0
522015,103,19120,1525,Glain,Foreign Bank Branch,Demetria Reese,+1 (499)-637-1190,Demetria_vega@morgan.com,2017-03-01,0
398627,101,19120,4759,Campbeltown,Traditional - Bank Owned Spaces,Brett Horne,+1 (519)-329-1740,brett.official@morgan.com,2017-03-01,0
850459,102,19120,8576,Alix,In Store / Retail Spaces,Ariel Gardner,+1 (508)-167-3045,ariel_g09@morgan.com,2017-03-01,0
335196,103,19120,4748,Forgaria nel Friuli,Foreign Bank Branch,Caesar Clayton,+1 (507)-268-3901,caesar_clayton@morgan.com,2017-03-01,0
807799,101,38755,6661,Panjim,Traditional - Bank Owned Spaces,Wade Shields,+1 (503)-489-1130,wade.shields@pncb.com,2017-03-01,0
619202,101,38755,7884,Orsara di Puglia,Traditional - Bank Owned Spaces,Stacey Emerson,+1 (405)-476-4491,stacey_official@pncb.com,2017-03-01,0
706938,102,38755,2390,Mabomprï¿½,In Store / Retail Spaces,Rhiannon Avery,+1 (491)-173-4858,rhiannon.avery@pncb.com,2017-03-01,0
963710,101,38755,1627,Hassan,Traditional - Bank Owned Spaces,Bree Barr,+1 (559)-241-4984,bree_work@pncb.com,2017-03-01,0
544289,103,38755,4859,North Battleford,Foreign Bank Branch,Yasir Phelps,+1 (569)-589-3192,yasir.1989@pncb.com,2017-03-01,0
378219,101,94388,4683,Langholm,Traditional - Bank Owned Spaces,Bert Martinez,+1 (408)-405-3959,bert09_martinez@hsbc.com,2017-03-01,0
873946,102,94388,5896,Ciudad Real,In Store / Retail Spaces,Jarrod Kane,+1 (408)-408-3959,jarrod_kane@hsbc.com,2017-03-01,0
416248,103,94388,1523,Houtvenne,Foreign Bank Branch,Nell Salazar,+1 (480)-740-2870,nell_swell@hsbc.com,2017-03-01,0
305914,103,94388,4752,Pozant?,Foreign Bank Branch,Laith Bryant,+1 (502)-418-2337,laith_09@hsbc.com,2017-03-01,0
243325,101,94388,3850,Butzbach,Traditional - Bank Owned Spaces,Kristen Bell,+1 (504)-687-3058,kristen.write@hsbc.com,2017-03-01,0
539742,102,66910,2103,Saint-Nicolas,In Store / Retail Spaces,Lacy Baird,+1 (507)-216-9111,lacy_23@rbs.com,2017-03-01,0
519524,103,66910,3093,Lives-sur-Meuse,Foreign Bank Branch,Willow Irwin,+1 (490)-637-1540,willow_01@rbs.com,2017-03-01,0
123215,101,66910,5631,Obertshausen,Traditional - Bank Owned Spaces,Lyle Patrick,+1 (510)-329-1230,lyle_official@rbs.com,2017-03-01,0
245824,102,66910,1004,Salem,In Store / Retail Spaces,Thane Riddle,+1 (509)-167-3035,thane_official@rbs.com,2017-03-01,0
701626,103,66910,4198,Courbevoie,Foreign Bank Branch,Akeem Lang,+1 (508)-268-3691,akeem.007@rbs.com,2017-03-01,0
382815,101,27404,4399,Vetlanda,Traditional - Bank Owned Spaces,Jameson Oconnor,+1 (504)-489-1310,jameson_02@db.com,2017-03-01,0
644466,101,27404,4192,Mesa,Traditional - Bank Owned Spaces,Alisa Fitzpatrick,+1 (406)-476-4381,alisa.official@db.com,2017-03-01,0
795227,102,27404,1045,North Bay,In Store / Retail Spaces,Beatrice Gill,+1 (490)-173-4778,beatrice_08@db.com,2017-03-01,0
907253,101,27404,9683,Hasselt,Traditional - Bank Owned Spaces,Prescott Shaw,+1 (550)-241-4004,prescott.work@db.com,2017-03-01,0
846093,103,27404,1043,Fort Collins,Foreign Bank Branch,Alisa Holt,+1 (560)-589-3122,alisa.holt01@db.com,2017-03-01,0
501626,101,29509,5901,Monceau-Imbrechies,Foreign Bank Branch,Leandra Salas,+1 (504)-200-1310,leandra.salas@eonb.com,2017-03-01,0
705187,102,29509,2367,Vottem,Traditional - Bank Owned Spaces,Scarlett Elliott,+1 (406)-203-4381,scarlett.elliott@eonb.com,2017-03-01,0
619921,103,29509,8604,Holman,Traditional - Bank Owned Spaces,Stuart Wolfe,+1 (490)-382-4778,stuart_official@eonb.com,2017-03-01,0
810603,103,29509,2299,Scandriglia,In Store / Retail Spaces,Piper Parrish,+1 (550)-183-4004,piper.parrish@eonb.com,2017-03-01,0
487807,101,29509,3427,Bonefro,In Store / Retail Spaces,Stephanie Beck,+1 (560)-485-3122,stephanie.beck@eonb.com,2017-03-01,0